{"cameraMode":{"drawMode":0,"name":"Shaded","section":"Shading Mode"},"sceneLighting":true,"audioPlay":false,"sceneViewState":{"showFog":false,"showMaterialUpdate":false,"showSkybox":false,"showFlares":false,"showImageEffects":false,"showParticleSystems":true},"in2DMode":false,"pivot":{"x":2.0395312309265138,"y":-5.251010894775391,"z":-0.8110675811767578},"rotation":{"x":-0.5672206282615662,"y":0.019016863778233529,"z":-0.013102936558425427,"w":-0.8232420682907105},"size":31.034038543701173,"orthographic":false}